{
    "openapi": "3.0.0",
    "info": {
        "title": "Laravel Sanctum API",
        "description": "Authentication related operations",
        "version": "1.0.0"
    },
    "paths": {
        "/api/signup": {
            "post": {
                "tags": [
                    "Registration"
                ],
                "summary": "User signup",
                "description": "Registers a new user with the provided name, email, and password.",
                "operationId": "signup",
                "requestBody": {
                    "required": true,
                    "content": {
                        "application/json": {
                            "schema": {
                                "required": [
                                    "name",
                                    "email",
                                    "password"
                                ],
                                "properties": {
                                    "name": {
                                        "type": "string",
                                        "example": "John Doe"
                                    },
                                    "email": {
                                        "type": "string",
                                        "format": "email",
                                        "example": "john@test.com"
                                    },
                                    "password": {
                                        "type": "string",
                                        "format": "password",
                                        "example": "password123"
                                    }
                                },
                                "type": "object"
                            }
                        }
                    }
                },
                "responses": {
                    "200": {
                        "description": "User created successfully",
                        "content": {
                            "application/json": {
                                "schema": {
                                    "properties": {
                                        "status": {
                                            "type": "boolean",
                                            "example": true
                                        },
                                        "message": {
                                            "type": "string",
                                            "example": "User created successfully"
                                        },
                                        "errors": {
                                            "type": "object",
                                            "example": []
                                        }
                                    },
                                    "type": "object"
                                }
                            }
                        }
                    },
                    "401": {
                        "description": "Validation error",
                        "content": {
                            "application/json": {
                                "schema": {
                                    "properties": {
                                        "status": {
                                            "type": "boolean",
                                            "example": false
                                        },
                                        "message": {
                                            "type": "string",
                                            "example": "validation Error"
                                        },
                                        "errors": {
                                            "type": "object",
                                            "example": {
                                                "name": [
                                                    "The name field is required."
                                                ],
                                                "email": [
                                                    "The email field is required.",
                                                    "The email must be a valid email address."
                                                ]
                                            },
                                            "additionalProperties": true
                                        }
                                    },
                                    "type": "object"
                                }
                            }
                        }
                    }
                }
            }
        },
        "/api/login": {
            "post": {
                "tags": [
                    "Authentication"
                ],
                "summary": "User login",
                "description": "User Login API",
                "operationId": "login",
                "requestBody": {
                    "required": true,
                    "content": {
                        "multipart/form-data": {
                            "schema": {
                                "required": [
                                    "email",
                                    "password"
                                ],
                                "properties": {
                                    "email": {
                                        "type": "string",
                                        "example": "test@test.com"
                                    },
                                    "password": {
                                        "type": "string",
                                        "example": "12345"
                                    }
                                },
                                "type": "object"
                            }
                        },
                        "application/json": {
                            "schema": {
                                "required": [
                                    "email",
                                    "password"
                                ],
                                "properties": {
                                    "email": {
                                        "type": "string",
                                        "example": "test@test.com"
                                    },
                                    "password": {
                                        "type": "string",
                                        "example": "12345"
                                    }
                                },
                                "type": "object"
                            }
                        }
                    }
                },
                "responses": {
                    "200": {
                        "description": "User successfully logged in",
                        "content": {
                            "application/json": {
                                "schema": {
                                    "properties": {
                                        "status": {
                                            "type": "boolean",
                                            "example": true
                                        },
                                        "message": {
                                            "type": "string",
                                            "example": "User Logged in Successfully"
                                        },
                                        "token": {
                                            "type": "string",
                                            "example": "your_api_token_here"
                                        },
                                        "token_type": {
                                            "type": "string",
                                            "example": "bearer"
                                        }
                                    },
                                    "type": "object"
                                }
                            }
                        }
                    },
                    "400": {
                        "description": "Validation error",
                        "content": {
                            "application/json": {
                                "schema": {
                                    "properties": {
                                        "status": {
                                            "type": "boolean",
                                            "example": false
                                        },
                                        "message": {
                                            "type": "string",
                                            "example": "Validation error"
                                        },
                                        "errors": {
                                            "type": "object",
                                            "example": {
                                                "email": [
                                                    "The email field is required.",
                                                    "The email must be a valid email address."
                                                ],
                                                "password": [
                                                    "The password field is required."
                                                ]
                                            },
                                            "additionalProperties": true
                                        }
                                    },
                                    "type": "object"
                                }
                            }
                        }
                    },
                    "401": {
                        "description": "Unauthorized",
                        "content": {
                            "application/json": {
                                "schema": {
                                    "properties": {
                                        "status": {
                                            "type": "boolean",
                                            "example": false
                                        },
                                        "message": {
                                            "type": "string",
                                            "example": "Email and Password does not matched"
                                        }
                                    },
                                    "type": "object"
                                }
                            }
                        }
                    }
                }
            }
        },
        "/api/logout": {
            "post": {
                "tags": [
                    "Authentication"
                ],
                "summary": "User logout",
                "description": "User Logout API",
                "operationId": "logout",
                "responses": {
                    "200": {
                        "description": "User Logged out Successfully",
                        "content": {
                            "application/json": {
                                "schema": {
                                    "properties": {
                                        "status": {
                                            "type": "boolean",
                                            "example": true
                                        },
                                        "message": {
                                            "type": "string",
                                            "example": "User Logged out Successfully"
                                        }
                                    },
                                    "type": "object"
                                }
                            }
                        }
                    },
                    "401": {
                        "description": "Unauthenticated",
                        "content": {
                            "application/json": {
                                "schema": {
                                    "properties": {
                                        "status": {
                                            "type": "boolean",
                                            "example": false
                                        },
                                        "message": {
                                            "type": "string",
                                            "example": "User not authenticated"
                                        }
                                    },
                                    "type": "object"
                                }
                            }
                        }
                    }
                },
                "security": [
                    {
                        "bearerAuth": []
                    }
                ]
            }
        },
        "/api/posts": {
            "get": {
                "tags": [
                    "Posts"
                ],
                "summary": "Get all posts",
                "description": "Fetches all post data from the database",
                "operationId": "4186b281454d4cf4c67a3254c731218a",
                "responses": {
                    "200": {
                        "description": "All post data fetched successfully",
                        "content": {
                            "application/json": {
                                "schema": {
                                    "properties": {
                                        "status": {
                                            "type": "boolean",
                                            "example": true
                                        },
                                        "message": {
                                            "type": "string",
                                            "example": "All Post Data."
                                        },
                                        "data": {
                                            "properties": {
                                                "Posts": {
                                                    "type": "array",
                                                    "items": {
                                                        "properties": {
                                                            "id": {
                                                                "type": "integer",
                                                                "example": 1
                                                            },
                                                            "title": {
                                                                "type": "string",
                                                                "example": "Post title"
                                                            },
                                                            "content": {
                                                                "type": "string",
                                                                "example": "Post content"
                                                            }
                                                        },
                                                        "type": "object"
                                                    }
                                                }
                                            },
                                            "type": "object"
                                        }
                                    },
                                    "type": "object"
                                }
                            }
                        }
                    },
                    "500": {
                        "description": "Internal server error"
                    }
                },
                "security": [
                    {
                        "bearerAuth": []
                    }
                ]
            },
            "post": {
                "tags": [
                    "Posts"
                ],
                "summary": "Create a new post",
                "description": "This endpoint allows users to create a new post with a title, description, and image.",
                "operationId": "c525736cca34af3402c290c5a680dbde",
                "requestBody": {
                    "description": "Post data that needs to be created",
                    "required": true,
                    "content": {
                        "multipart/form-data": {
                            "schema": {
                                "required": [
                                    "title",
                                    "description",
                                    "image"
                                ],
                                "properties": {
                                    "title": {
                                        "type": "string",
                                        "example": "New Post Title"
                                    },
                                    "description": {
                                        "type": "string",
                                        "example": "This is the description of the post."
                                    },
                                    "image": {
                                        "type": "string",
                                        "format": "binary",
                                        "example": "",
                                        "nullable": false
                                    }
                                },
                                "type": "object"
                            }
                        },
                        "application/json": {
                            "schema": {
                                "required": [
                                    "title",
                                    "description",
                                    "image"
                                ],
                                "properties": {
                                    "title": {
                                        "type": "string",
                                        "example": "New Post Title"
                                    },
                                    "description": {
                                        "type": "string",
                                        "example": "This is the description of the post."
                                    },
                                    "image": {
                                        "type": "string",
                                        "example": "path/to/image.jpg"
                                    }
                                },
                                "type": "object"
                            }
                        }
                    }
                },
                "responses": {
                    "200": {
                        "description": "Post created successfully",
                        "content": {
                            "application/json": {
                                "schema": {
                                    "properties": {
                                        "status": {
                                            "type": "boolean",
                                            "example": true
                                        },
                                        "message": {
                                            "type": "string",
                                            "example": "post created successfully"
                                        },
                                        "post": {
                                            "properties": {
                                                "id": {
                                                    "type": "integer",
                                                    "example": 1
                                                },
                                                "title": {
                                                    "type": "string",
                                                    "example": "New Post Title"
                                                },
                                                "description": {
                                                    "type": "string",
                                                    "example": "This is the description of the post."
                                                },
                                                "image": {
                                                    "type": "string",
                                                    "example": "uploads/1634312345.jpg"
                                                }
                                            },
                                            "type": "object"
                                        }
                                    },
                                    "type": "object"
                                }
                            }
                        }
                    },
                    "401": {
                        "description": "Validation Error",
                        "content": {
                            "application/json": {
                                "schema": {
                                    "properties": {
                                        "status": {
                                            "type": "boolean",
                                            "example": false
                                        },
                                        "message": {
                                            "type": "string",
                                            "example": "validation Error"
                                        },
                                        "errors": {
                                            "properties": {
                                                "title": {
                                                    "type": "array",
                                                    "items": {
                                                        "type": "string",
                                                        "example": "The title field is required."
                                                    }
                                                },
                                                "description": {
                                                    "type": "array",
                                                    "items": {
                                                        "type": "string",
                                                        "example": "The description field is required."
                                                    }
                                                },
                                                "image": {
                                                    "type": "array",
                                                    "items": {
                                                        "type": "string",
                                                        "example": "The image field is required."
                                                    }
                                                }
                                            },
                                            "type": "object"
                                        }
                                    },
                                    "type": "object"
                                }
                            }
                        }
                    },
                    "500": {
                        "description": "Internal Server Error",
                        "content": {
                            "application/json": {
                                "schema": {
                                    "properties": {
                                        "status": {
                                            "type": "boolean",
                                            "example": false
                                        },
                                        "message": {
                                            "type": "string",
                                            "example": "Internal server error"
                                        }
                                    },
                                    "type": "object"
                                }
                            }
                        }
                    }
                },
                "security": [
                    {
                        "bearerAuth": []
                    }
                ]
            }
        },
        "/api/posts/{id}": {
            "get": {
                "tags": [
                    "Posts"
                ],
                "summary": "Get a single post",
                "description": "Get a single post by id",
                "operationId": "getSinglePost",
                "parameters": [
                    {
                        "name": "id",
                        "in": "path",
                        "description": "Post id to show that post",
                        "required": true,
                        "schema": {
                            "type": "integer"
                        }
                    }
                ],
                "responses": {
                    "200": {
                        "description": "Successful response",
                        "content": {
                            "application/json": {
                                "schema": {
                                    "properties": {
                                        "status": {
                                            "type": "boolean",
                                            "example": true
                                        },
                                        "message": {
                                            "type": "string",
                                            "example": "Your single post"
                                        },
                                        "data": {
                                            "properties": {
                                                "post": {
                                                    "type": "array",
                                                    "items": {
                                                        "properties": {
                                                            "id": {
                                                                "type": "integer",
                                                                "example": 1
                                                            },
                                                            "title": {
                                                                "type": "string",
                                                                "example": "Post Title"
                                                            },
                                                            "description": {
                                                                "type": "string",
                                                                "example": "Post Description"
                                                            },
                                                            "image": {
                                                                "type": "string",
                                                                "example": "post.jpg"
                                                            }
                                                        },
                                                        "type": "object"
                                                    }
                                                }
                                            },
                                            "type": "object"
                                        }
                                    },
                                    "type": "object"
                                }
                            }
                        }
                    },
                    "400": {
                        "description": "Requested post not available",
                        "content": {
                            "application/json": {
                                "schema": {
                                    "properties": {
                                        "status": {
                                            "type": "boolean",
                                            "example": false
                                        },
                                        "message": {
                                            "type": "string",
                                            "example": "Requested post not available"
                                        }
                                    },
                                    "type": "object"
                                }
                            }
                        }
                    },
                    "401": {
                        "description": "Unauthenticated"
                    },
                    "500": {
                        "description": "Internal Server Error",
                        "content": {
                            "application/json": {
                                "schema": {
                                    "properties": {
                                        "status": {
                                            "type": "boolean",
                                            "example": false
                                        },
                                        "message": {
                                            "type": "string",
                                            "example": "An error occurred"
                                        }
                                    },
                                    "type": "object"
                                }
                            }
                        }
                    }
                },
                "security": [
                    {
                        "bearerAuth": []
                    }
                ]
            },
            "post": {
                "tags": [
                    "Posts"
                ],
                "summary": "Update a post",
                "description": "Update a post by id",
                "operationId": "updatePost",
                "parameters": [
                    {
                        "name": "id",
                        "in": "path",
                        "description": "Post id to be updated",
                        "required": true,
                        "schema": {
                            "type": "integer"
                        }
                    }
                ],
                "requestBody": {
                    "required": true,
                    "content": {
                        "multipart/form-data": {
                            "schema": {
                                "required": [
                                    "_method",
                                    "title",
                                    "description"
                                ],
                                "properties": {
                                    "_method": {
                                        "description": "Override HTTP method (Add method PUT or PATCH only)",
                                        "type": "string",
                                        "enum": [
                                            "PUT",
                                            "PATCH"
                                        ],
                                        "example": "PUT"
                                    },
                                    "title": {
                                        "type": "string",
                                        "example": "Updated Post Title"
                                    },
                                    "description": {
                                        "type": "string",
                                        "example": "Updated Post Description"
                                    },
                                    "image": {
                                        "type": "string",
                                        "format": "binary",
                                        "example": ""
                                    }
                                },
                                "type": "object"
                            }
                        },
                        "application/json": {
                            "schema": {
                                "required": [
                                    "_method",
                                    "title",
                                    "description"
                                ],
                                "properties": {
                                    "_method": {
                                        "description": "Override HTTP method (Add method PUT or PATCH only)",
                                        "type": "string",
                                        "enum": [
                                            "PUT",
                                            "PATCH"
                                        ],
                                        "example": "PUT"
                                    },
                                    "title": {
                                        "type": "string",
                                        "example": "Updated Post Title"
                                    },
                                    "description": {
                                        "type": "string",
                                        "example": "Updated Post Description"
                                    },
                                    "image": {
                                        "type": "string",
                                        "format": "binary",
                                        "example": "path/to/image.jpg"
                                    }
                                },
                                "type": "object"
                            }
                        }
                    }
                },
                "responses": {
                    "200": {
                        "description": "Post updated successfully",
                        "content": {
                            "application/json": {
                                "schema": {
                                    "properties": {
                                        "status": {
                                            "type": "boolean",
                                            "example": true
                                        },
                                        "message": {
                                            "type": "string",
                                            "example": "Post updated successfully"
                                        }
                                    },
                                    "type": "object"
                                }
                            }
                        }
                    },
                    "400": {
                        "description": "Requested post not available for update",
                        "content": {
                            "application/json": {
                                "schema": {
                                    "properties": {
                                        "status": {
                                            "type": "boolean",
                                            "example": false
                                        },
                                        "message": {
                                            "type": "string",
                                            "example": "Requested post not available for update"
                                        }
                                    },
                                    "type": "object"
                                }
                            }
                        }
                    },
                    "401": {
                        "description": "Validation error",
                        "content": {
                            "application/json": {
                                "schema": {
                                    "properties": {
                                        "status": {
                                            "type": "boolean",
                                            "example": false
                                        },
                                        "message": {
                                            "type": "string",
                                            "example": "Validation error"
                                        },
                                        "errors": {
                                            "type": "object",
                                            "example": {
                                                "_method": [
                                                    "The _method field is required."
                                                ],
                                                "title": [
                                                    "The title field is required."
                                                ],
                                                "description": [
                                                    "The description field is required."
                                                ],
                                                "image": [
                                                    "The image must be a valid image."
                                                ]
                                            },
                                            "additionalProperties": true
                                        }
                                    },
                                    "type": "object"
                                }
                            }
                        }
                    },
                    "500": {
                        "description": "Internal Server Error",
                        "content": {
                            "application/json": {
                                "schema": {
                                    "properties": {
                                        "status": {
                                            "type": "boolean",
                                            "example": false
                                        },
                                        "message": {
                                            "type": "string",
                                            "example": "An error occurred"
                                        }
                                    },
                                    "type": "object"
                                }
                            }
                        }
                    }
                },
                "security": [
                    {
                        "bearerAuth": []
                    }
                ]
            },
            "delete": {
                "tags": [
                    "Posts"
                ],
                "summary": "Delete a post",
                "description": "Delete a post by id",
                "operationId": "deletePost",
                "parameters": [
                    {
                        "name": "id",
                        "in": "path",
                        "description": "Post id to delete",
                        "required": true,
                        "schema": {
                            "type": "integer"
                        }
                    }
                ],
                "responses": {
                    "200": {
                        "description": "Post deleted successfully",
                        "content": {
                            "application/json": {
                                "schema": {
                                    "properties": {
                                        "status": {
                                            "type": "boolean",
                                            "example": true
                                        },
                                        "message": {
                                            "type": "string",
                                            "example": "Post deleted successfully"
                                        }
                                    },
                                    "type": "object"
                                }
                            }
                        }
                    },
                    "400": {
                        "description": "Requested post not available for delete",
                        "content": {
                            "application/json": {
                                "schema": {
                                    "properties": {
                                        "status": {
                                            "type": "boolean",
                                            "example": false
                                        },
                                        "message": {
                                            "type": "string",
                                            "example": "Requested post not available for delete"
                                        }
                                    },
                                    "type": "object"
                                }
                            }
                        }
                    },
                    "401": {
                        "description": "Unauthenticated"
                    },
                    "500": {
                        "description": "Internal Server Error",
                        "content": {
                            "application/json": {
                                "schema": {
                                    "properties": {
                                        "status": {
                                            "type": "boolean",
                                            "example": false
                                        },
                                        "message": {
                                            "type": "string",
                                            "example": "An error occurred"
                                        }
                                    },
                                    "type": "object"
                                }
                            }
                        }
                    }
                },
                "security": [
                    {
                        "bearerAuth": []
                    }
                ]
            }
        }
    },
    "components": {
        "securitySchemes": {
            "bearerAuth": {
                "type": "apiKey",
                "description": "Bearer token used for authentication (Bearer <your_bearer_token_here>) ",
                "name": "Authorization",
                "in": "header"
            }
        }
    },
    "tags": [
        {
            "name": "Registration",
            "description": "Registration"
        },
        {
            "name": "Authentication",
            "description": "Authentication"
        },
        {
            "name": "Posts",
            "description": "Posts"
        }
    ]
}